unit_nr,time_cycles,true_RUL_raw,pred_RUL_glob,predicted_RUL,abs_error,last_abs_error
72,213,0.0,5.8728704,5.8728704,5.8728704,5.8728704
19,158,0.0,5.700367,5.700367,5.700367,5.700367
88,213,0.0,5.2219973,5.2219973,5.2219973,5.2219973
42,196,0.0,4.288458,4.288458,4.288458,4.288458
32,191,0.0,4.273608,4.273608,4.273608,4.273608
